-- phpMyAdmin SQL Dump
-- version 5.2.0
-- https://www.phpmyadmin.net/
--
-- Host: 127.0.0.1
-- Generation Time: Jul 04, 2024 at 01:49 AM
-- Server version: 10.4.25-MariaDB
-- PHP Version: 8.1.10

SET SQL_MODE = "NO_AUTO_VALUE_ON_ZERO";
START TRANSACTION;
SET time_zone = "+00:00";


/*!40101 SET @OLD_CHARACTER_SET_CLIENT=@@CHARACTER_SET_CLIENT */;
/*!40101 SET @OLD_CHARACTER_SET_RESULTS=@@CHARACTER_SET_RESULTS */;
/*!40101 SET @OLD_COLLATION_CONNECTION=@@COLLATION_CONNECTION */;
/*!40101 SET NAMES utf8mb4 */;

--
-- Database: `ekasir`
--

-- --------------------------------------------------------

--
-- Table structure for table `cart`
--

CREATE TABLE `cart` (
  `id_cart` int(11) NOT NULL,
  `id_user` int(12) NOT NULL,
  `id_product` int(11) NOT NULL,
  `quantyCart` int(11) NOT NULL,
  `startPriceCart` double DEFAULT NULL,
  `priceCart` double NOT NULL,
  `statusCart` enum('cart','checkout','deleted') DEFAULT 'cart',
  `dateInputCart` datetime NOT NULL DEFAULT current_timestamp(),
  `dateAcceptedCart` datetime DEFAULT NULL
) ENGINE=InnoDB DEFAULT CHARSET=utf8mb4;

--
-- Dumping data for table `cart`
--

INSERT INTO `cart` (`id_cart`, `id_user`, `id_product`, `quantyCart`, `startPriceCart`, `priceCart`, `statusCart`, `dateInputCart`, `dateAcceptedCart`) VALUES
(1, 1, 1, 14, NULL, 17332, 'checkout', '2024-01-20 01:39:09', NULL),
(2, 1, 10, 0, NULL, 0, 'deleted', '2024-01-20 01:56:18', NULL),
(4, 1, 11, 0, NULL, 0, 'deleted', '2024-01-26 23:20:44', NULL),
(5, 1, 13, 0, NULL, 0, 'deleted', '2024-01-26 23:20:48', NULL),
(9, 1, 11, 3, NULL, 15000000, 'deleted', '2024-01-26 23:25:17', NULL),
(10, 1, 11, 9, NULL, 45000000, 'checkout', '2024-01-26 23:37:40', NULL),
(11, 1, 12, 2, NULL, 30000000, 'checkout', '2024-01-27 00:38:18', NULL),
(12, 1, 1, 1, NULL, 1238, 'checkout', '2024-01-28 20:12:32', NULL),
(13, 1, 10, 1, NULL, 5000000, 'checkout', '2024-01-28 20:12:34', NULL),
(14, 1, 1, 1, NULL, 1238, 'checkout', '2024-01-28 20:13:41', NULL),
(15, 1, 10, 1, NULL, 5000000, 'checkout', '2024-01-28 20:13:42', NULL),
(16, 1, 1, 12, NULL, 14856, 'checkout', '2024-01-28 20:21:56', NULL),
(17, 1, 1, 15, NULL, 18570, 'checkout', '2024-01-28 20:22:15', NULL),
(18, 1, 1, 1, NULL, 1238, 'checkout', '2024-01-28 20:22:26', NULL),
(19, 1, 13, 1, NULL, 15000000, 'checkout', '2024-01-28 20:22:30', NULL),
(20, 1, 1, 1, NULL, 1238, 'checkout', '2024-01-28 20:26:05', NULL),
(21, 1, 1, 1, NULL, 1238, 'checkout', '2024-01-28 20:29:10', NULL),
(22, 1, 13, 1, NULL, 15000000, 'checkout', '2024-01-28 20:29:12', NULL),
(23, 1, 1, 1, NULL, 1238, 'checkout', '2024-01-28 20:29:59', NULL),
(24, 1, 1, 1, NULL, 1238, 'checkout', '2024-01-28 20:31:17', NULL),
(25, 1, 13, 1, NULL, 15000000, 'checkout', '2024-01-28 20:31:19', NULL),
(26, 1, 11, 5, NULL, 25000000, 'checkout', '2024-01-28 20:31:36', NULL),
(27, 1, 10, 8, NULL, 40000000, 'checkout', '2024-01-28 20:32:33', NULL),
(28, 1, 17, 51, NULL, 255000000, 'checkout', '2024-01-28 20:33:03', NULL),
(29, 1, 10, 15, NULL, 75000000, 'checkout', '2024-01-28 20:38:27', NULL),
(30, 1, 10, 0, NULL, 0, 'deleted', '2024-01-28 20:38:40', NULL),
(31, 1, 11, 18, NULL, 90000000, 'checkout', '2024-01-28 20:39:16', NULL),
(32, 1, 12, 26, NULL, 390000000, 'checkout', '2024-01-28 20:42:54', NULL),
(33, 1, 1, 11, NULL, 13618, 'checkout', '2024-01-28 20:43:37', NULL),
(34, 1, 1, 1, NULL, 1238, 'checkout', '2024-01-28 20:45:44', NULL),
(35, 1, 13, 5, NULL, 75000000, 'checkout', '2024-01-28 20:46:03', NULL),
(36, 1, 11, 2, NULL, 10000000, 'checkout', '2024-01-30 19:43:30', NULL),
(37, 1, 16, 2, NULL, 10000000, 'checkout', '2024-01-30 19:45:53', NULL),
(38, 1, 12, 1, NULL, 15000000, 'checkout', '2024-01-30 23:49:01', NULL),
(39, 1, 11, 1, NULL, 5000000, 'checkout', '2024-02-01 00:58:32', NULL),
(40, 1, 17, 1, NULL, 5000000, 'checkout', '2024-02-01 00:58:36', NULL),
(41, 1, 17, 1, NULL, 5000000, 'checkout', '2024-02-01 01:11:29', NULL),
(42, 1, 20, 1, NULL, 15000000, 'checkout', '2024-02-01 01:12:02', NULL),
(43, 1, 20, 2, NULL, 30000000, 'checkout', '2024-02-01 01:12:45', NULL),
(44, 1, 20, 2, NULL, 30000000, 'checkout', '2024-02-01 01:14:04', NULL),
(45, 1, 12, 1, NULL, 15000000, 'checkout', '2024-02-01 01:19:52', NULL),
(46, 1, 20, 1, NULL, 15000000, 'checkout', '2024-02-01 01:21:15', NULL),
(47, 1, 18, 1, NULL, 5000000, 'checkout', '2024-02-01 01:30:52', NULL),
(48, 1, 17, 5, NULL, 250, 'checkout', '2024-02-05 19:27:57', NULL),
(49, 1, 18, 4, NULL, 80, 'checkout', '2024-02-05 19:28:10', NULL),
(50, 1, 18, 1, NULL, 20, 'checkout', '2024-02-05 19:47:21', NULL),
(51, 1, 17, 2, NULL, 100, 'checkout', '2024-02-05 19:47:23', NULL),
(52, 1, 13, 1, NULL, 250, 'checkout', '2024-02-05 19:56:36', NULL),
(53, 1, 17, 1, NULL, 50, 'checkout', '2024-02-05 19:56:37', NULL),
(54, 1, 19, 1, NULL, 120, 'checkout', '2024-02-05 20:00:01', NULL),
(55, 1, 18, 1, NULL, 20, 'checkout', '2024-02-05 20:00:03', NULL),
(56, 1, 18, 1, NULL, 20, 'checkout', '2024-02-05 20:02:10', NULL),
(57, 1, 17, 1, NULL, 50, 'checkout', '2024-02-05 20:02:13', NULL),
(58, 1, 3, 4, NULL, 800, 'checkout', '2024-02-22 18:54:21', NULL),
(59, 1, 17, 3, NULL, 150, 'checkout', '2024-02-22 18:59:07', NULL),
(60, 1, 3, 2, NULL, 400, 'checkout', '2024-02-22 19:02:58', NULL),
(61, 1, 3, 2, NULL, 400, 'checkout', '2024-02-22 19:14:02', NULL),
(62, 1, 10, 3, NULL, 1500, 'checkout', '2024-02-24 10:53:38', NULL),
(63, 1, 13, 2, NULL, 500, 'checkout', '2024-03-13 18:57:02', NULL),
(64, 1, 3, 2, NULL, 400, 'checkout', '2024-03-13 18:57:05', NULL),
(65, 1, 1, 2, NULL, 1000, 'checkout', '2024-03-14 05:55:20', NULL),
(66, 1, 3, 2, NULL, 400, 'checkout', '2024-03-14 05:55:22', NULL),
(67, 1, 13, 2, NULL, 500, 'checkout', '2024-03-14 05:57:53', NULL),
(68, 1, 12, 2, NULL, 400, 'checkout', '2024-03-14 05:57:55', NULL),
(69, 1, 1, 2, NULL, 1000, 'checkout', '2024-03-14 05:59:07', NULL),
(70, 1, 12, 2, NULL, 400, 'checkout', '2024-03-14 05:59:10', NULL),
(71, 1, 1, 2, NULL, 1000, 'checkout', '2024-03-14 06:03:31', NULL),
(72, 1, 12, 2, NULL, 400, 'checkout', '2024-03-14 06:03:33', NULL),
(73, 1, 12, 2, NULL, 400, 'checkout', '2024-03-14 06:05:42', NULL),
(74, 1, 13, 2, NULL, 500, 'checkout', '2024-03-14 06:05:44', NULL),
(75, 1, 1, 5, 500, 2500, 'checkout', '2024-03-16 20:55:45', NULL),
(76, 1, 13, 2, 100, 500, 'checkout', '2024-03-16 20:56:36', NULL),
(77, 1, 1, 1, 100, 500, 'checkout', '2024-03-22 16:45:25', NULL),
(78, 1, 3, 3, 60, 600, 'checkout', '2024-03-22 16:45:27', NULL),
(79, 1, 3, 3, 60, 600, 'checkout', '2024-03-30 10:52:39', NULL),
(80, 1, 13, 2, 100, 500, 'checkout', '2024-03-30 10:52:44', NULL),
(81, 1, 1, 2, 200, 1000, 'checkout', '2024-04-18 10:07:52', NULL);

-- --------------------------------------------------------

--
-- Table structure for table `dateschedule`
--

CREATE TABLE `dateschedule` (
  `id_dateSchedule` int(12) NOT NULL,
  `statusDS` enum('work','holiday') NOT NULL DEFAULT 'work',
  `dayNameDS` varchar(30) NOT NULL,
  `dateDS` date NOT NULL,
  `dateInputDS` datetime NOT NULL DEFAULT current_timestamp(),
  `dateUpdateDS` datetime DEFAULT NULL
) ENGINE=InnoDB DEFAULT CHARSET=utf8mb4;

--
-- Dumping data for table `dateschedule`
--

INSERT INTO `dateschedule` (`id_dateSchedule`, `statusDS`, `dayNameDS`, `dateDS`, `dateInputDS`, `dateUpdateDS`) VALUES
(368, 'work', 'Monday', '2024-01-01', '2024-01-09 19:24:23', NULL),
(369, 'work', 'Tuesday', '2024-01-02', '2024-01-09 19:24:23', NULL),
(370, 'work', 'Wednesday', '2024-01-03', '2024-01-09 19:24:23', NULL),
(371, 'work', 'Thursday', '2024-01-04', '2024-01-09 19:24:23', NULL),
(372, 'work', 'Friday', '2024-01-05', '2024-01-09 19:24:23', NULL),
(373, 'work', 'Saturday', '2024-01-06', '2024-01-09 19:24:23', NULL),
(374, 'holiday', 'Sunday', '2024-01-07', '2024-01-09 19:24:23', NULL),
(375, 'work', 'Monday', '2024-01-08', '2024-01-09 19:24:23', NULL),
(376, 'work', 'Tuesday', '2024-01-09', '2024-01-09 19:24:23', NULL),
(377, 'work', 'Wednesday', '2024-01-10', '2024-01-09 19:24:23', NULL),
(378, 'work', 'Thursday', '2024-01-11', '2024-01-09 19:24:23', NULL),
(379, 'work', 'Friday', '2024-01-12', '2024-01-09 19:24:23', NULL),
(380, 'work', 'Saturday', '2024-01-13', '2024-01-09 19:24:23', NULL),
(381, 'holiday', 'Sunday', '2024-01-14', '2024-01-09 19:24:23', NULL),
(382, 'work', 'Monday', '2024-01-15', '2024-01-09 19:24:23', NULL),
(383, 'work', 'Tuesday', '2024-01-16', '2024-01-09 19:24:23', NULL),
(384, 'work', 'Wednesday', '2024-01-17', '2024-01-09 19:24:23', NULL),
(385, 'work', 'Thursday', '2024-01-18', '2024-01-09 19:24:23', NULL),
(386, 'work', 'Friday', '2024-01-19', '2024-01-09 19:24:23', NULL),
(387, 'work', 'Saturday', '2024-01-20', '2024-01-09 19:24:23', NULL),
(388, 'holiday', 'Sunday', '2024-01-21', '2024-01-09 19:24:23', NULL),
(389, 'work', 'Monday', '2024-01-22', '2024-01-09 19:24:23', NULL),
(390, 'work', 'Tuesday', '2024-01-23', '2024-01-09 19:24:23', NULL),
(391, 'work', 'Wednesday', '2024-01-24', '2024-01-09 19:24:23', NULL),
(392, 'work', 'Thursday', '2024-01-25', '2024-01-09 19:24:23', NULL),
(393, 'work', 'Friday', '2024-01-26', '2024-01-09 19:24:23', NULL),
(394, 'work', 'Saturday', '2024-01-27', '2024-01-09 19:24:23', NULL),
(395, 'holiday', 'Sunday', '2024-01-28', '2024-01-09 19:24:23', NULL),
(396, 'work', 'Monday', '2024-01-29', '2024-01-09 19:24:23', NULL),
(397, 'work', 'Tuesday', '2024-01-30', '2024-01-09 19:24:23', NULL),
(398, 'work', 'Wednesday', '2024-01-31', '2024-01-09 19:24:23', NULL),
(399, 'work', 'Thursday', '2024-02-01', '2024-01-09 19:24:23', NULL),
(400, 'work', 'Friday', '2024-02-02', '2024-01-09 19:24:23', NULL),
(401, 'work', 'Saturday', '2024-02-03', '2024-01-09 19:24:23', NULL),
(402, 'holiday', 'Sunday', '2024-02-04', '2024-01-09 19:24:23', NULL),
(403, 'work', 'Monday', '2024-02-05', '2024-01-09 19:24:23', NULL),
(404, 'work', 'Tuesday', '2024-02-06', '2024-01-09 19:24:23', NULL),
(405, 'work', 'Wednesday', '2024-02-07', '2024-01-09 19:24:23', NULL),
(406, 'work', 'Thursday', '2024-02-08', '2024-01-09 19:24:23', NULL),
(407, 'work', 'Friday', '2024-02-09', '2024-01-09 19:24:23', NULL),
(408, 'work', 'Saturday', '2024-02-10', '2024-01-09 19:24:23', NULL),
(409, 'holiday', 'Sunday', '2024-02-11', '2024-01-09 19:24:23', NULL),
(410, 'work', 'Monday', '2024-02-12', '2024-01-09 19:24:23', NULL),
(411, 'work', 'Tuesday', '2024-02-13', '2024-01-09 19:24:23', NULL),
(412, 'work', 'Wednesday', '2024-02-14', '2024-01-09 19:24:23', NULL),
(413, 'work', 'Thursday', '2024-02-15', '2024-01-09 19:24:23', NULL),
(414, 'work', 'Friday', '2024-02-16', '2024-01-09 19:24:23', NULL),
(415, 'work', 'Saturday', '2024-02-17', '2024-01-09 19:24:23', NULL),
(416, 'holiday', 'Sunday', '2024-02-18', '2024-01-09 19:24:23', NULL),
(417, 'work', 'Monday', '2024-02-19', '2024-01-09 19:24:23', NULL),
(418, 'work', 'Tuesday', '2024-02-20', '2024-01-09 19:24:23', NULL),
(419, 'work', 'Wednesday', '2024-02-21', '2024-01-09 19:24:23', NULL),
(420, 'work', 'Thursday', '2024-02-22', '2024-01-09 19:24:23', NULL),
(421, 'work', 'Friday', '2024-02-23', '2024-01-09 19:24:23', NULL),
(422, 'work', 'Saturday', '2024-02-24', '2024-01-09 19:24:23', NULL),
(423, 'holiday', 'Sunday', '2024-02-25', '2024-01-09 19:24:23', NULL),
(424, 'work', 'Monday', '2024-02-26', '2024-01-09 19:24:23', NULL),
(425, 'work', 'Tuesday', '2024-02-27', '2024-01-09 19:24:23', NULL),
(426, 'work', 'Wednesday', '2024-02-28', '2024-01-09 19:24:23', NULL),
(427, 'work', 'Thursday', '2024-02-29', '2024-01-09 19:24:23', NULL),
(428, 'work', 'Friday', '2024-03-01', '2024-01-09 19:24:23', NULL),
(429, 'work', 'Saturday', '2024-03-02', '2024-01-09 19:24:23', NULL),
(430, 'holiday', 'Sunday', '2024-03-03', '2024-01-09 19:24:23', NULL),
(431, 'work', 'Monday', '2024-03-04', '2024-01-09 19:24:23', NULL),
(432, 'work', 'Tuesday', '2024-03-05', '2024-01-09 19:24:23', NULL),
(433, 'work', 'Wednesday', '2024-03-06', '2024-01-09 19:24:23', NULL),
(434, 'work', 'Thursday', '2024-03-07', '2024-01-09 19:24:23', NULL),
(435, 'work', 'Friday', '2024-03-08', '2024-01-09 19:24:23', NULL),
(436, 'work', 'Saturday', '2024-03-09', '2024-01-09 19:24:23', NULL),
(437, 'holiday', 'Sunday', '2024-03-10', '2024-01-09 19:24:23', NULL),
(438, 'work', 'Monday', '2024-03-11', '2024-01-09 19:24:23', NULL),
(439, 'work', 'Tuesday', '2024-03-12', '2024-01-09 19:24:23', NULL),
(440, 'work', 'Wednesday', '2024-03-13', '2024-01-09 19:24:23', NULL),
(441, 'work', 'Thursday', '2024-03-14', '2024-01-09 19:24:23', NULL),
(442, 'work', 'Friday', '2024-03-15', '2024-01-09 19:24:23', NULL),
(443, 'work', 'Saturday', '2024-03-16', '2024-01-09 19:24:23', NULL),
(444, 'holiday', 'Sunday', '2024-03-17', '2024-01-09 19:24:23', NULL),
(445, 'work', 'Monday', '2024-03-18', '2024-01-09 19:24:23', NULL),
(446, 'work', 'Tuesday', '2024-03-19', '2024-01-09 19:24:23', NULL),
(447, 'work', 'Wednesday', '2024-03-20', '2024-01-09 19:24:23', NULL),
(448, 'work', 'Thursday', '2024-03-21', '2024-01-09 19:24:23', NULL),
(449, 'work', 'Friday', '2024-03-22', '2024-01-09 19:24:23', NULL),
(450, 'work', 'Saturday', '2024-03-23', '2024-01-09 19:24:23', NULL),
(451, 'holiday', 'Sunday', '2024-03-24', '2024-01-09 19:24:23', NULL),
(452, 'work', 'Monday', '2024-03-25', '2024-01-09 19:24:23', NULL),
(453, 'work', 'Tuesday', '2024-03-26', '2024-01-09 19:24:23', NULL),
(454, 'work', 'Wednesday', '2024-03-27', '2024-01-09 19:24:23', NULL),
(455, 'work', 'Thursday', '2024-03-28', '2024-01-09 19:24:23', NULL),
(456, 'work', 'Friday', '2024-03-29', '2024-01-09 19:24:23', NULL),
(457, 'work', 'Saturday', '2024-03-30', '2024-01-09 19:24:23', NULL),
(458, 'holiday', 'Sunday', '2024-03-31', '2024-01-09 19:24:23', NULL),
(459, 'work', 'Monday', '2024-04-01', '2024-01-09 19:24:23', NULL),
(460, 'work', 'Tuesday', '2024-04-02', '2024-01-09 19:24:23', NULL),
(461, 'work', 'Wednesday', '2024-04-03', '2024-01-09 19:24:23', NULL),
(462, 'work', 'Thursday', '2024-04-04', '2024-01-09 19:24:23', NULL),
(463, 'work', 'Friday', '2024-04-05', '2024-01-09 19:24:23', NULL),
(464, 'work', 'Saturday', '2024-04-06', '2024-01-09 19:24:23', NULL),
(465, 'holiday', 'Sunday', '2024-04-07', '2024-01-09 19:24:23', NULL),
(466, 'work', 'Monday', '2024-04-08', '2024-01-09 19:24:23', NULL),
(467, 'work', 'Tuesday', '2024-04-09', '2024-01-09 19:24:23', NULL),
(468, 'work', 'Wednesday', '2024-04-10', '2024-01-09 19:24:23', NULL),
(469, 'work', 'Thursday', '2024-04-11', '2024-01-09 19:24:23', NULL),
(470, 'work', 'Friday', '2024-04-12', '2024-01-09 19:24:23', NULL),
(471, 'work', 'Saturday', '2024-04-13', '2024-01-09 19:24:23', NULL),
(472, 'holiday', 'Sunday', '2024-04-14', '2024-01-09 19:24:23', NULL),
(473, 'work', 'Monday', '2024-04-15', '2024-01-09 19:24:23', NULL),
(474, 'work', 'Tuesday', '2024-04-16', '2024-01-09 19:24:23', NULL),
(475, 'work', 'Wednesday', '2024-04-17', '2024-01-09 19:24:23', NULL),
(476, 'work', 'Thursday', '2024-04-18', '2024-01-09 19:24:23', NULL),
(477, 'work', 'Friday', '2024-04-19', '2024-01-09 19:24:23', NULL),
(478, 'work', 'Saturday', '2024-04-20', '2024-01-09 19:24:23', NULL),
(479, 'holiday', 'Sunday', '2024-04-21', '2024-01-09 19:24:23', NULL),
(480, 'work', 'Monday', '2024-04-22', '2024-01-09 19:24:23', NULL),
(481, 'work', 'Tuesday', '2024-04-23', '2024-01-09 19:24:23', NULL),
(482, 'work', 'Wednesday', '2024-04-24', '2024-01-09 19:24:23', NULL),
(483, 'work', 'Thursday', '2024-04-25', '2024-01-09 19:24:23', NULL),
(484, 'work', 'Friday', '2024-04-26', '2024-01-09 19:24:23', NULL),
(485, 'work', 'Saturday', '2024-04-27', '2024-01-09 19:24:23', NULL),
(486, 'holiday', 'Sunday', '2024-04-28', '2024-01-09 19:24:23', NULL),
(487, 'work', 'Monday', '2024-04-29', '2024-01-09 19:24:23', NULL),
(488, 'work', 'Tuesday', '2024-04-30', '2024-01-09 19:24:23', NULL),
(489, 'work', 'Wednesday', '2024-05-01', '2024-01-09 19:24:23', NULL),
(490, 'work', 'Thursday', '2024-05-02', '2024-01-09 19:24:23', NULL),
(491, 'work', 'Friday', '2024-05-03', '2024-01-09 19:24:23', NULL),
(492, 'work', 'Saturday', '2024-05-04', '2024-01-09 19:24:23', NULL),
(493, 'holiday', 'Sunday', '2024-05-05', '2024-01-09 19:24:23', NULL),
(494, 'work', 'Monday', '2024-05-06', '2024-01-09 19:24:23', NULL),
(495, 'work', 'Tuesday', '2024-05-07', '2024-01-09 19:24:23', NULL),
(496, 'work', 'Wednesday', '2024-05-08', '2024-01-09 19:24:23', NULL),
(497, 'work', 'Thursday', '2024-05-09', '2024-01-09 19:24:23', NULL),
(498, 'work', 'Friday', '2024-05-10', '2024-01-09 19:24:23', NULL),
(499, 'work', 'Saturday', '2024-05-11', '2024-01-09 19:24:23', NULL),
(500, 'holiday', 'Sunday', '2024-05-12', '2024-01-09 19:24:23', NULL),
(501, 'work', 'Monday', '2024-05-13', '2024-01-09 19:24:23', NULL),
(502, 'work', 'Tuesday', '2024-05-14', '2024-01-09 19:24:23', NULL),
(503, 'work', 'Wednesday', '2024-05-15', '2024-01-09 19:24:23', NULL),
(504, 'work', 'Thursday', '2024-05-16', '2024-01-09 19:24:23', NULL),
(505, 'work', 'Friday', '2024-05-17', '2024-01-09 19:24:23', NULL),
(506, 'work', 'Saturday', '2024-05-18', '2024-01-09 19:24:23', NULL),
(507, 'holiday', 'Sunday', '2024-05-19', '2024-01-09 19:24:23', NULL),
(508, 'work', 'Monday', '2024-05-20', '2024-01-09 19:24:23', NULL),
(509, 'work', 'Tuesday', '2024-05-21', '2024-01-09 19:24:23', NULL),
(510, 'work', 'Wednesday', '2024-05-22', '2024-01-09 19:24:23', NULL),
(511, 'work', 'Thursday', '2024-05-23', '2024-01-09 19:24:23', NULL),
(512, 'work', 'Friday', '2024-05-24', '2024-01-09 19:24:23', NULL),
(513, 'work', 'Saturday', '2024-05-25', '2024-01-09 19:24:23', NULL),
(514, 'holiday', 'Sunday', '2024-05-26', '2024-01-09 19:24:23', NULL),
(515, 'work', 'Monday', '2024-05-27', '2024-01-09 19:24:23', NULL),
(516, 'work', 'Tuesday', '2024-05-28', '2024-01-09 19:24:23', NULL),
(517, 'work', 'Wednesday', '2024-05-29', '2024-01-09 19:24:23', NULL),
(518, 'work', 'Thursday', '2024-05-30', '2024-01-09 19:24:23', NULL),
(519, 'work', 'Friday', '2024-05-31', '2024-01-09 19:24:23', NULL),
(520, 'work', 'Saturday', '2024-06-01', '2024-01-09 19:24:23', NULL),
(521, 'holiday', 'Sunday', '2024-06-02', '2024-01-09 19:24:23', NULL),
(522, 'work', 'Monday', '2024-06-03', '2024-01-09 19:24:23', NULL),
(523, 'work', 'Tuesday', '2024-06-04', '2024-01-09 19:24:23', NULL),
(524, 'work', 'Wednesday', '2024-06-05', '2024-01-09 19:24:23', NULL),
(525, 'work', 'Thursday', '2024-06-06', '2024-01-09 19:24:23', NULL),
(526, 'work', 'Friday', '2024-06-07', '2024-01-09 19:24:23', NULL),
(527, 'work', 'Saturday', '2024-06-08', '2024-01-09 19:24:23', NULL),
(528, 'holiday', 'Sunday', '2024-06-09', '2024-01-09 19:24:23', NULL),
(529, 'work', 'Monday', '2024-06-10', '2024-01-09 19:24:23', NULL),
(530, 'work', 'Tuesday', '2024-06-11', '2024-01-09 19:24:23', NULL),
(531, 'work', 'Wednesday', '2024-06-12', '2024-01-09 19:24:23', NULL),
(532, 'work', 'Thursday', '2024-06-13', '2024-01-09 19:24:23', NULL),
(533, 'work', 'Friday', '2024-06-14', '2024-01-09 19:24:23', NULL),
(534, 'work', 'Saturday', '2024-06-15', '2024-01-09 19:24:23', NULL),
(535, 'holiday', 'Sunday', '2024-06-16', '2024-01-09 19:24:23', NULL),
(536, 'work', 'Monday', '2024-06-17', '2024-01-09 19:24:23', NULL),
(537, 'work', 'Tuesday', '2024-06-18', '2024-01-09 19:24:23', NULL),
(538, 'work', 'Wednesday', '2024-06-19', '2024-01-09 19:24:23', NULL),
(539, 'work', 'Thursday', '2024-06-20', '2024-01-09 19:24:23', NULL),
(540, 'work', 'Friday', '2024-06-21', '2024-01-09 19:24:23', NULL),
(541, 'work', 'Saturday', '2024-06-22', '2024-01-09 19:24:23', NULL),
(542, 'holiday', 'Sunday', '2024-06-23', '2024-01-09 19:24:23', NULL),
(543, 'work', 'Monday', '2024-06-24', '2024-01-09 19:24:23', NULL),
(544, 'work', 'Tuesday', '2024-06-25', '2024-01-09 19:24:23', NULL),
(545, 'work', 'Wednesday', '2024-06-26', '2024-01-09 19:24:23', NULL),
(546, 'work', 'Thursday', '2024-06-27', '2024-01-09 19:24:23', NULL),
(547, 'work', 'Friday', '2024-06-28', '2024-01-09 19:24:23', NULL),
(548, 'work', 'Saturday', '2024-06-29', '2024-01-09 19:24:23', NULL),
(549, 'holiday', 'Sunday', '2024-06-30', '2024-01-09 19:24:23', NULL),
(550, 'work', 'Monday', '2024-07-01', '2024-01-09 19:24:23', NULL),
(551, 'work', 'Tuesday', '2024-07-02', '2024-01-09 19:24:23', NULL),
(552, 'work', 'Wednesday', '2024-07-03', '2024-01-09 19:24:23', NULL),
(553, 'work', 'Thursday', '2024-07-04', '2024-01-09 19:24:23', NULL),
(554, 'work', 'Friday', '2024-07-05', '2024-01-09 19:24:23', NULL),
(555, 'work', 'Saturday', '2024-07-06', '2024-01-09 19:24:23', NULL),
(556, 'holiday', 'Sunday', '2024-07-07', '2024-01-09 19:24:23', NULL),
(557, 'work', 'Monday', '2024-07-08', '2024-01-09 19:24:23', NULL),
(558, 'work', 'Tuesday', '2024-07-09', '2024-01-09 19:24:23', NULL),
(559, 'work', 'Wednesday', '2024-07-10', '2024-01-09 19:24:23', NULL),
(560, 'work', 'Thursday', '2024-07-11', '2024-01-09 19:24:23', NULL),
(561, 'work', 'Friday', '2024-07-12', '2024-01-09 19:24:23', NULL),
(562, 'work', 'Saturday', '2024-07-13', '2024-01-09 19:24:23', NULL),
(563, 'holiday', 'Sunday', '2024-07-14', '2024-01-09 19:24:23', NULL),
(564, 'work', 'Monday', '2024-07-15', '2024-01-09 19:24:23', NULL),
(565, 'work', 'Tuesday', '2024-07-16', '2024-01-09 19:24:23', NULL),
(566, 'work', 'Wednesday', '2024-07-17', '2024-01-09 19:24:23', NULL),
(567, 'work', 'Thursday', '2024-07-18', '2024-01-09 19:24:23', NULL),
(568, 'work', 'Friday', '2024-07-19', '2024-01-09 19:24:23', NULL),
(569, 'work', 'Saturday', '2024-07-20', '2024-01-09 19:24:23', NULL),
(570, 'holiday', 'Sunday', '2024-07-21', '2024-01-09 19:24:23', NULL),
(571, 'work', 'Monday', '2024-07-22', '2024-01-09 19:24:23', NULL),
(572, 'work', 'Tuesday', '2024-07-23', '2024-01-09 19:24:23', NULL),
(573, 'work', 'Wednesday', '2024-07-24', '2024-01-09 19:24:23', NULL),
(574, 'work', 'Thursday', '2024-07-25', '2024-01-09 19:24:23', NULL),
(575, 'work', 'Friday', '2024-07-26', '2024-01-09 19:24:23', NULL),
(576, 'work', 'Saturday', '2024-07-27', '2024-01-09 19:24:23', NULL),
(577, 'holiday', 'Sunday', '2024-07-28', '2024-01-09 19:24:23', NULL),
(578, 'work', 'Monday', '2024-07-29', '2024-01-09 19:24:23', NULL),
(579, 'work', 'Tuesday', '2024-07-30', '2024-01-09 19:24:23', NULL),
(580, 'work', 'Wednesday', '2024-07-31', '2024-01-09 19:24:23', NULL),
(581, 'work', 'Thursday', '2024-08-01', '2024-01-09 19:24:23', NULL),
(582, 'work', 'Friday', '2024-08-02', '2024-01-09 19:24:23', NULL),
(583, 'work', 'Saturday', '2024-08-03', '2024-01-09 19:24:23', NULL),
(584, 'holiday', 'Sunday', '2024-08-04', '2024-01-09 19:24:23', NULL),
(585, 'work', 'Monday', '2024-08-05', '2024-01-09 19:24:23', NULL),
(586, 'work', 'Tuesday', '2024-08-06', '2024-01-09 19:24:23', NULL),
(587, 'work', 'Wednesday', '2024-08-07', '2024-01-09 19:24:23', NULL),
(588, 'work', 'Thursday', '2024-08-08', '2024-01-09 19:24:23', NULL),
(589, 'work', 'Friday', '2024-08-09', '2024-01-09 19:24:23', NULL),
(590, 'work', 'Saturday', '2024-08-10', '2024-01-09 19:24:23', NULL),
(591, 'holiday', 'Sunday', '2024-08-11', '2024-01-09 19:24:23', NULL),
(592, 'work', 'Monday', '2024-08-12', '2024-01-09 19:24:23', NULL),
(593, 'work', 'Tuesday', '2024-08-13', '2024-01-09 19:24:23', NULL),
(594, 'work', 'Wednesday', '2024-08-14', '2024-01-09 19:24:23', NULL),
(595, 'work', 'Thursday', '2024-08-15', '2024-01-09 19:24:23', NULL),
(596, 'work', 'Friday', '2024-08-16', '2024-01-09 19:24:23', NULL),
(597, 'work', 'Saturday', '2024-08-17', '2024-01-09 19:24:23', NULL),
(598, 'holiday', 'Sunday', '2024-08-18', '2024-01-09 19:24:23', NULL),
(599, 'work', 'Monday', '2024-08-19', '2024-01-09 19:24:23', NULL),
(600, 'work', 'Tuesday', '2024-08-20', '2024-01-09 19:24:23', NULL),
(601, 'work', 'Wednesday', '2024-08-21', '2024-01-09 19:24:23', NULL),
(602, 'work', 'Thursday', '2024-08-22', '2024-01-09 19:24:23', NULL),
(603, 'work', 'Friday', '2024-08-23', '2024-01-09 19:24:23', NULL),
(604, 'work', 'Saturday', '2024-08-24', '2024-01-09 19:24:23', NULL),
(605, 'holiday', 'Sunday', '2024-08-25', '2024-01-09 19:24:23', NULL),
(606, 'work', 'Monday', '2024-08-26', '2024-01-09 19:24:23', NULL),
(607, 'work', 'Tuesday', '2024-08-27', '2024-01-09 19:24:23', NULL),
(608, 'work', 'Wednesday', '2024-08-28', '2024-01-09 19:24:23', NULL),
(609, 'work', 'Thursday', '2024-08-29', '2024-01-09 19:24:23', NULL),
(610, 'work', 'Friday', '2024-08-30', '2024-01-09 19:24:23', NULL),
(611, 'work', 'Saturday', '2024-08-31', '2024-01-09 19:24:23', NULL),
(612, 'holiday', 'Sunday', '2024-09-01', '2024-01-09 19:24:23', NULL),
(613, 'work', 'Monday', '2024-09-02', '2024-01-09 19:24:23', NULL),
(614, 'work', 'Tuesday', '2024-09-03', '2024-01-09 19:24:23', NULL),
(615, 'work', 'Wednesday', '2024-09-04', '2024-01-09 19:24:23', NULL),
(616, 'work', 'Thursday', '2024-09-05', '2024-01-09 19:24:23', NULL),
(617, 'work', 'Friday', '2024-09-06', '2024-01-09 19:24:23', NULL),
(618, 'work', 'Saturday', '2024-09-07', '2024-01-09 19:24:23', NULL),
(619, 'holiday', 'Sunday', '2024-09-08', '2024-01-09 19:24:23', NULL),
(620, 'work', 'Monday', '2024-09-09', '2024-01-09 19:24:23', NULL),
(621, 'work', 'Tuesday', '2024-09-10', '2024-01-09 19:24:23', NULL),
(622, 'work', 'Wednesday', '2024-09-11', '2024-01-09 19:24:23', NULL),
(623, 'work', 'Thursday', '2024-09-12', '2024-01-09 19:24:23', NULL),
(624, 'work', 'Friday', '2024-09-13', '2024-01-09 19:24:23', NULL),
(625, 'work', 'Saturday', '2024-09-14', '2024-01-09 19:24:23', NULL),
(626, 'holiday', 'Sunday', '2024-09-15', '2024-01-09 19:24:23', NULL),
(627, 'work', 'Monday', '2024-09-16', '2024-01-09 19:24:23', NULL),
(628, 'work', 'Tuesday', '2024-09-17', '2024-01-09 19:24:23', NULL),
(629, 'work', 'Wednesday', '2024-09-18', '2024-01-09 19:24:23', NULL),
(630, 'work', 'Thursday', '2024-09-19', '2024-01-09 19:24:23', NULL),
(631, 'work', 'Friday', '2024-09-20', '2024-01-09 19:24:23', NULL),
(632, 'work', 'Saturday', '2024-09-21', '2024-01-09 19:24:23', NULL),
(633, 'holiday', 'Sunday', '2024-09-22', '2024-01-09 19:24:23', NULL),
(634, 'work', 'Monday', '2024-09-23', '2024-01-09 19:24:23', NULL),
(635, 'work', 'Tuesday', '2024-09-24', '2024-01-09 19:24:23', NULL),
(636, 'work', 'Wednesday', '2024-09-25', '2024-01-09 19:24:23', NULL),
(637, 'work', 'Thursday', '2024-09-26', '2024-01-09 19:24:23', NULL),
(638, 'work', 'Friday', '2024-09-27', '2024-01-09 19:24:23', NULL),
(639, 'work', 'Saturday', '2024-09-28', '2024-01-09 19:24:23', NULL),
(640, 'holiday', 'Sunday', '2024-09-29', '2024-01-09 19:24:23', NULL),
(641, 'work', 'Monday', '2024-09-30', '2024-01-09 19:24:23', NULL),
(642, 'work', 'Tuesday', '2024-10-01', '2024-01-09 19:24:23', NULL),
(643, 'work', 'Wednesday', '2024-10-02', '2024-01-09 19:24:23', NULL),
(644, 'work', 'Thursday', '2024-10-03', '2024-01-09 19:24:23', NULL),
(645, 'work', 'Friday', '2024-10-04', '2024-01-09 19:24:23', NULL),
(646, 'work', 'Saturday', '2024-10-05', '2024-01-09 19:24:23', NULL),
(647, 'holiday', 'Sunday', '2024-10-06', '2024-01-09 19:24:23', NULL),
(648, 'work', 'Monday', '2024-10-07', '2024-01-09 19:24:23', NULL),
(649, 'work', 'Tuesday', '2024-10-08', '2024-01-09 19:24:23', NULL),
(650, 'work', 'Wednesday', '2024-10-09', '2024-01-09 19:24:23', NULL),
(651, 'work', 'Thursday', '2024-10-10', '2024-01-09 19:24:23', NULL),
(652, 'work', 'Friday', '2024-10-11', '2024-01-09 19:24:23', NULL),
(653, 'work', 'Saturday', '2024-10-12', '2024-01-09 19:24:23', NULL),
(654, 'holiday', 'Sunday', '2024-10-13', '2024-01-09 19:24:23', NULL),
(655, 'work', 'Monday', '2024-10-14', '2024-01-09 19:24:23', NULL),
(656, 'work', 'Tuesday', '2024-10-15', '2024-01-09 19:24:23', NULL),
(657, 'work', 'Wednesday', '2024-10-16', '2024-01-09 19:24:23', NULL),
(658, 'work', 'Thursday', '2024-10-17', '2024-01-09 19:24:23', NULL),
(659, 'work', 'Friday', '2024-10-18', '2024-01-09 19:24:23', NULL),
(660, 'work', 'Saturday', '2024-10-19', '2024-01-09 19:24:23', NULL),
(661, 'holiday', 'Sunday', '2024-10-20', '2024-01-09 19:24:23', NULL),
(662, 'work', 'Monday', '2024-10-21', '2024-01-09 19:24:23', NULL),
(663, 'work', 'Tuesday', '2024-10-22', '2024-01-09 19:24:23', NULL),
(664, 'work', 'Wednesday', '2024-10-23', '2024-01-09 19:24:23', NULL),
(665, 'work', 'Thursday', '2024-10-24', '2024-01-09 19:24:23', NULL),
(666, 'work', 'Friday', '2024-10-25', '2024-01-09 19:24:23', NULL),
(667, 'work', 'Saturday', '2024-10-26', '2024-01-09 19:24:23', NULL),
(668, 'holiday', 'Sunday', '2024-10-27', '2024-01-09 19:24:23', NULL),
(669, 'work', 'Monday', '2024-10-28', '2024-01-09 19:24:23', NULL),
(670, 'work', 'Tuesday', '2024-10-29', '2024-01-09 19:24:23', NULL),
(671, 'work', 'Wednesday', '2024-10-30', '2024-01-09 19:24:23', NULL),
(672, 'work', 'Thursday', '2024-10-31', '2024-01-09 19:24:23', NULL),
(673, 'work', 'Friday', '2024-11-01', '2024-01-09 19:24:23', NULL),
(674, 'work', 'Saturday', '2024-11-02', '2024-01-09 19:24:23', NULL),
(675, 'holiday', 'Sunday', '2024-11-03', '2024-01-09 19:24:23', NULL),
(676, 'work', 'Monday', '2024-11-04', '2024-01-09 19:24:23', NULL),
(677, 'work', 'Tuesday', '2024-11-05', '2024-01-09 19:24:23', NULL),
(678, 'work', 'Wednesday', '2024-11-06', '2024-01-09 19:24:23', NULL),
(679, 'work', 'Thursday', '2024-11-07', '2024-01-09 19:24:23', NULL),
(680, 'work', 'Friday', '2024-11-08', '2024-01-09 19:24:23', NULL),
(681, 'work', 'Saturday', '2024-11-09', '2024-01-09 19:24:23', NULL),
(682, 'holiday', 'Sunday', '2024-11-10', '2024-01-09 19:24:23', NULL),
(683, 'work', 'Monday', '2024-11-11', '2024-01-09 19:24:23', NULL),
(684, 'work', 'Tuesday', '2024-11-12', '2024-01-09 19:24:23', NULL),
(685, 'work', 'Wednesday', '2024-11-13', '2024-01-09 19:24:23', NULL),
(686, 'work', 'Thursday', '2024-11-14', '2024-01-09 19:24:23', NULL),
(687, 'work', 'Friday', '2024-11-15', '2024-01-09 19:24:23', NULL),
(688, 'work', 'Saturday', '2024-11-16', '2024-01-09 19:24:23', NULL),
(689, 'holiday', 'Sunday', '2024-11-17', '2024-01-09 19:24:23', NULL),
(690, 'work', 'Monday', '2024-11-18', '2024-01-09 19:24:23', NULL),
(691, 'work', 'Tuesday', '2024-11-19', '2024-01-09 19:24:23', NULL),
(692, 'work', 'Wednesday', '2024-11-20', '2024-01-09 19:24:23', NULL),
(693, 'work', 'Thursday', '2024-11-21', '2024-01-09 19:24:23', NULL),
(694, 'work', 'Friday', '2024-11-22', '2024-01-09 19:24:23', NULL),
(695, 'work', 'Saturday', '2024-11-23', '2024-01-09 19:24:23', NULL),
(696, 'holiday', 'Sunday', '2024-11-24', '2024-01-09 19:24:23', NULL),
(697, 'work', 'Monday', '2024-11-25', '2024-01-09 19:24:23', NULL),
(698, 'work', 'Tuesday', '2024-11-26', '2024-01-09 19:24:23', NULL),
(699, 'work', 'Wednesday', '2024-11-27', '2024-01-09 19:24:23', NULL),
(700, 'work', 'Thursday', '2024-11-28', '2024-01-09 19:24:23', NULL),
(701, 'work', 'Friday', '2024-11-29', '2024-01-09 19:24:23', NULL),
(702, 'work', 'Saturday', '2024-11-30', '2024-01-09 19:24:23', NULL),
(703, 'holiday', 'Sunday', '2024-12-01', '2024-01-09 19:24:23', NULL),
(704, 'work', 'Monday', '2024-12-02', '2024-01-09 19:24:23', NULL),
(705, 'work', 'Tuesday', '2024-12-03', '2024-01-09 19:24:23', NULL),
(706, 'work', 'Wednesday', '2024-12-04', '2024-01-09 19:24:23', NULL),
(707, 'work', 'Thursday', '2024-12-05', '2024-01-09 19:24:23', NULL),
(708, 'work', 'Friday', '2024-12-06', '2024-01-09 19:24:23', NULL),
(709, 'work', 'Saturday', '2024-12-07', '2024-01-09 19:24:23', NULL),
(710, 'holiday', 'Sunday', '2024-12-08', '2024-01-09 19:24:23', NULL),
(711, 'work', 'Monday', '2024-12-09', '2024-01-09 19:24:23', NULL),
(712, 'work', 'Tuesday', '2024-12-10', '2024-01-09 19:24:23', NULL),
(713, 'work', 'Wednesday', '2024-12-11', '2024-01-09 19:24:23', NULL),
(714, 'work', 'Thursday', '2024-12-12', '2024-01-09 19:24:23', NULL),
(715, 'work', 'Friday', '2024-12-13', '2024-01-09 19:24:23', NULL),
(716, 'work', 'Saturday', '2024-12-14', '2024-01-09 19:24:23', NULL),
(717, 'holiday', 'Sunday', '2024-12-15', '2024-01-09 19:24:23', NULL),
(718, 'work', 'Monday', '2024-12-16', '2024-01-09 19:24:23', NULL),
(719, 'work', 'Tuesday', '2024-12-17', '2024-01-09 19:24:23', NULL),
(720, 'work', 'Wednesday', '2024-12-18', '2024-01-09 19:24:23', NULL),
(721, 'work', 'Thursday', '2024-12-19', '2024-01-09 19:24:23', NULL),
(722, 'work', 'Friday', '2024-12-20', '2024-01-09 19:24:23', NULL),
(723, 'work', 'Saturday', '2024-12-21', '2024-01-09 19:24:23', NULL),
(724, 'holiday', 'Sunday', '2024-12-22', '2024-01-09 19:24:23', NULL),
(725, 'work', 'Monday', '2024-12-23', '2024-01-09 19:24:23', NULL),
(726, 'work', 'Tuesday', '2024-12-24', '2024-01-09 19:24:23', NULL),
(727, 'work', 'Wednesday', '2024-12-25', '2024-01-09 19:24:23', NULL),
(728, 'work', 'Thursday', '2024-12-26', '2024-01-09 19:24:23', NULL),
(729, 'work', 'Friday', '2024-12-27', '2024-01-09 19:24:23', NULL),
(730, 'work', 'Saturday', '2024-12-28', '2024-01-09 19:24:23', NULL),
(731, 'holiday', 'Sunday', '2024-12-29', '2024-01-09 19:24:23', NULL),
(732, 'work', 'Monday', '2024-12-30', '2024-01-09 19:24:23', NULL),
(733, 'work', 'Tuesday', '2024-12-31', '2024-01-09 19:24:23', NULL);

-- --------------------------------------------------------

--
-- Table structure for table `order`
--

CREATE TABLE `order` (
  `id_order` int(11) NOT NULL,
  `orderCode` varchar(100) DEFAULT NULL,
  `id_user` int(12) NOT NULL,
  `id_orderCategory` int(12) DEFAULT NULL,
  `priceOrder` double DEFAULT NULL,
  `statusOrder` enum('payed','unpayed') NOT NULL DEFAULT 'unpayed',
  `dateInputOrders` datetime NOT NULL DEFAULT current_timestamp(),
  `dateAcceptedOrder` datetime DEFAULT NULL
) ENGINE=InnoDB DEFAULT CHARSET=utf8mb4;

--
-- Dumping data for table `order`
--

INSERT INTO `order` (`id_order`, `orderCode`, `id_user`, `id_orderCategory`, `priceOrder`, `statusOrder`, `dateInputOrders`, `dateAcceptedOrder`) VALUES
(1, NULL, 1, 1, 0, 'unpayed', '2024-01-28 20:10:36', NULL),
(2, NULL, 1, 1, 0, 'unpayed', '2024-01-28 20:13:02', NULL),
(3, NULL, 1, 1, 5001238, 'unpayed', '2024-01-28 20:13:45', NULL),
(4, NULL, 1, 1, 0, 'unpayed', '2024-01-28 20:14:09', NULL),
(5, NULL, 1, NULL, 9904, 'unpayed', '2024-01-28 20:22:06', NULL),
(6, NULL, 1, NULL, 0, 'unpayed', '2024-01-28 20:22:06', NULL),
(7, NULL, 1, NULL, 0, 'unpayed', '2024-01-28 20:22:06', NULL),
(8, NULL, 1, NULL, 0, 'unpayed', '2024-01-28 20:22:07', NULL),
(9, NULL, 1, NULL, 0, 'unpayed', '2024-01-28 20:22:07', NULL),
(10, NULL, 1, 1, 2476, 'unpayed', '2024-01-28 20:22:22', NULL),
(11, NULL, 1, 1, 0, 'unpayed', '2024-01-28 20:22:22', NULL),
(12, NULL, 1, 1, 0, 'unpayed', '2024-01-28 20:22:22', NULL),
(13, NULL, 1, 1, 0, 'unpayed', '2024-01-28 20:22:22', NULL),
(14, NULL, 1, 1, 0, 'unpayed', '2024-01-28 20:22:23', NULL),
(15, NULL, 1, 1, 0, 'unpayed', '2024-01-28 20:22:23', NULL),
(16, NULL, 1, 1, 0, 'unpayed', '2024-01-28 20:22:23', NULL),
(17, NULL, 1, 1, 0, 'unpayed', '2024-01-28 20:22:23', NULL),
(18, NULL, 1, 1, 0, 'unpayed', '2024-01-28 20:22:23', NULL),
(19, NULL, 1, 1, 0, 'unpayed', '2024-01-28 20:22:23', NULL),
(20, NULL, 1, 1, 0, 'unpayed', '2024-01-28 20:22:24', NULL),
(21, NULL, 1, 1, 0, 'unpayed', '2024-01-28 20:22:24', NULL),
(22, NULL, 1, 1, 0, 'unpayed', '2024-01-28 20:22:24', NULL),
(23, NULL, 1, 1, 0, 'unpayed', '2024-01-28 20:22:24', NULL),
(24, NULL, 1, 1, 15001238, 'unpayed', '2024-01-28 20:22:39', NULL),
(25, NULL, 1, 1, 1238, 'unpayed', '2024-01-28 20:28:47', NULL),
(26, NULL, 1, 1, 1238, 'unpayed', '2024-01-28 20:29:51', NULL),
(27, NULL, 1, 1, 15001238, 'unpayed', '2024-01-28 20:29:51', NULL),
(28, NULL, 1, 1, 1238, 'unpayed', '2024-01-28 20:30:51', NULL),
(29, NULL, 1, 1, 1238, 'unpayed', '2024-01-28 20:31:22', NULL),
(30, NULL, 1, 1, 15001238, 'unpayed', '2024-01-28 20:31:22', NULL),
(31, NULL, 1, NULL, 25000000, 'unpayed', '2024-01-28 20:31:42', NULL),
(32, NULL, 1, 1, 40000000, 'unpayed', '2024-01-28 20:32:40', NULL),
(33, NULL, 1, 1, 255000000, 'unpayed', '2024-01-28 20:33:23', NULL),
(34, NULL, 1, 1, 75000000, 'unpayed', '2024-01-28 20:38:36', NULL),
(35, NULL, 1, 1, 90000000, 'unpayed', '2024-01-28 20:39:27', NULL),
(36, NULL, 1, 1, 390000000, 'unpayed', '2024-01-28 20:45:31', NULL),
(37, NULL, 1, 1, 390013618, 'unpayed', '2024-01-28 20:45:31', NULL),
(38, NULL, 1, 1, 1238, 'unpayed', '2024-01-28 20:51:05', NULL),
(39, NULL, 1, 1, 75001238, 'unpayed', '2024-01-28 20:51:05', NULL),
(40, NULL, 1, 3, 10000000, 'unpayed', '2024-01-30 19:44:02', NULL),
(41, NULL, 1, 3, 10000000, 'unpayed', '2024-01-30 19:44:18', NULL),
(42, NULL, 1, 3, 10000000, 'unpayed', '2024-01-30 19:45:58', NULL),
(43, NULL, 1, 3, 10000000, 'unpayed', '2024-02-01 00:53:41', NULL),
(44, NULL, 1, 3, 10000000, 'unpayed', '2024-02-01 00:54:05', NULL),
(45, '73b44303-7f4f-4cae-8900-da09c37d4388', 1, 3, 25000000, 'unpayed', '2024-02-01 00:54:06', NULL),
(46, NULL, 1, 3, 5000000, 'unpayed', '2024-02-01 00:58:40', NULL),
(47, '98c38eab-e887-4ef8-8594-6905d6bba1d6', 1, 3, 10000000, 'unpayed', '2024-02-01 00:58:40', NULL),
(48, NULL, 1, 3, 5000000, 'unpayed', '2024-02-01 01:11:33', NULL),
(49, NULL, 1, 3, 15000000, 'unpayed', '2024-02-01 01:12:05', NULL),
(50, NULL, 1, 3, 30000000, 'unpayed', '2024-02-01 01:12:51', NULL),
(51, NULL, 1, 3, 30000000, 'unpayed', '2024-02-01 01:13:02', NULL),
(52, '022b9dbb-23d4-4fe7-a2ec-3869a99f469d', 1, 3, 30000000, 'unpayed', '2024-02-01 01:14:45', NULL),
(53, '78943a1c-1636-4cf9-97f1-a43f92f426cc', 1, 3, 15000000, 'unpayed', '2024-02-01 01:21:00', NULL),
(54, '50a0202e-f4c2-47bc-8feb-1f1e2dab1fbc', 1, 3, 15000000, 'unpayed', '2024-02-01 01:21:19', NULL),
(55, 'eecbdd95-769d-4dc3-b853-b6c334ef55b8', 1, 3, 5000000, 'unpayed', '2024-02-01 01:32:28', NULL),
(56, NULL, 1, 1, 250, 'unpayed', '2024-02-05 19:28:18', NULL),
(57, NULL, 1, 1, 330, 'unpayed', '2024-02-05 19:28:18', NULL),
(58, 'c2748601-589e-4842-afb1-af3eb936dbb2', 1, 3, 20, 'unpayed', '2024-02-05 19:47:31', NULL),
(59, '2013852c-ac2c-4b9c-ab4a-09ccc26fad42', 1, 3, 120, 'unpayed', '2024-02-05 19:47:31', NULL),
(60, NULL, 1, 3, 250, 'unpayed', '2024-02-05 19:59:29', NULL),
(61, NULL, 1, 3, 300, 'unpayed', '2024-02-05 19:59:29', NULL),
(62, '1e3b0092-10de-4e59-996f-03d088511bda', 1, 3, 120, 'unpayed', '2024-02-05 20:00:43', NULL),
(63, 'bfda179d-edbb-4e07-af4b-44f14a40adcb', 1, 3, 140, 'unpayed', '2024-02-05 20:00:43', NULL),
(64, '4a6f074b-a7d8-4e7b-891a-d884836ae03d', 1, 3, 20, 'unpayed', '2024-02-05 20:02:16', NULL),
(65, 'ded356ed-a656-4403-af1a-0cb83405ae00', 1, 3, 70, 'unpayed', '2024-02-05 20:02:16', NULL),
(66, '00df2926-9859-404c-a4d0-e47d2551fcd1', 1, 3, 800, 'unpayed', '2024-02-22 18:54:29', NULL),
(67, '4ae0d614-15ce-4227-a959-cf2386203304', 1, 3, 150, 'unpayed', '2024-02-22 18:59:14', NULL),
(68, 'd6272da0-8cc4-4344-93b2-9998e7fe5d6d', 1, 3, 400, 'unpayed', '2024-02-22 19:03:04', NULL),
(69, '53bcaaa0-75f1-44dd-bfdb-a90c947d6254', 1, 3, 400, 'unpayed', '2024-02-22 19:14:08', NULL),
(70, 'ef063f55-e171-4c81-bbbb-977e8c05bc30', 1, 3, 1500, 'unpayed', '2024-02-24 10:53:46', NULL),
(71, 'f25d4707-bd01-4e18-ab7c-843c39a9976a', 1, 3, 500, 'unpayed', '2024-03-13 19:03:58', NULL),
(72, '28e8ac00-0d32-441f-94d1-9633ef06d0f0', 1, 3, 900, 'unpayed', '2024-03-13 19:03:58', NULL),
(73, NULL, 1, 1, 1000, 'unpayed', '2024-03-14 05:55:28', NULL),
(74, NULL, 1, 1, 1400, 'unpayed', '2024-03-14 05:55:28', NULL),
(75, NULL, 1, 1, 500, 'unpayed', '2024-03-14 05:58:40', NULL),
(76, NULL, 1, 1, 900, 'unpayed', '2024-03-14 05:58:40', NULL),
(77, NULL, 1, 1, 500, 'unpayed', '2024-03-14 05:58:46', NULL),
(78, NULL, 1, 1, 900, 'unpayed', '2024-03-14 05:58:46', NULL),
(79, NULL, 1, 1, 500, 'unpayed', '2024-03-14 05:58:53', NULL),
(80, NULL, 1, 1, 900, 'unpayed', '2024-03-14 05:58:53', NULL),
(81, NULL, 1, 1, 1000, 'unpayed', '2024-03-14 05:59:16', NULL),
(82, NULL, 1, 1, 1400, 'unpayed', '2024-03-14 05:59:16', NULL),
(83, NULL, 1, 1, 0, 'unpayed', '2024-03-14 06:03:40', NULL),
(84, NULL, 1, 1, 900, 'unpayed', '2024-03-14 06:05:50', NULL),
(85, NULL, 1, 1, 3000, 'unpayed', '2024-03-16 21:04:22', NULL),
(86, NULL, 1, 1, 1100, 'unpayed', '2024-03-22 16:45:34', NULL),
(87, NULL, 1, 1, 1100, 'unpayed', '2024-03-30 10:53:03', NULL),
(88, NULL, 1, 1, 1000, 'payed', '2024-04-18 10:20:45', NULL);

-- --------------------------------------------------------

--
-- Table structure for table `ordercategory`
--

CREATE TABLE `ordercategory` (
  `id_orderCategory` int(12) NOT NULL,
  `orderCategory` varchar(150) DEFAULT NULL,
  `markUp` varchar(200) DEFAULT NULL,
  `statusOrderCategory` enum('active','nonactive') NOT NULL DEFAULT 'active',
  `dateInputOrderCategory` date NOT NULL DEFAULT current_timestamp()
) ENGINE=InnoDB DEFAULT CHARSET=utf8mb4;

--
-- Dumping data for table `ordercategory`
--

INSERT INTO `ordercategory` (`id_orderCategory`, `orderCategory`, `markUp`, `statusOrderCategory`, `dateInputOrderCategory`) VALUES
(1, 'Tunai', '1706427951.png', 'active', '2023-12-25'),
(3, 'Midtrans', '1706427993.png', 'active', '2023-12-25');

-- --------------------------------------------------------

--
-- Table structure for table `orderdetail`
--

CREATE TABLE `orderdetail` (
  `id_orderDetail` int(12) NOT NULL,
  `id_product` int(12) NOT NULL,
  `id_order` int(12) NOT NULL,
  `quantyOrderDetail` int(12) DEFAULT NULL,
  `startOrderDetail` double DEFAULT NULL,
  `totalOrderDetail` double DEFAULT NULL,
  `date_inputOrderDetail` datetime NOT NULL DEFAULT current_timestamp()
) ENGINE=InnoDB DEFAULT CHARSET=utf8mb4;

--
-- Dumping data for table `orderdetail`
--

INSERT INTO `orderdetail` (`id_orderDetail`, `id_product`, `id_order`, `quantyOrderDetail`, `startOrderDetail`, `totalOrderDetail`, `date_inputOrderDetail`) VALUES
(1, 1, 25, 1, NULL, 1238, '2024-01-28 20:28:47'),
(2, 1, 26, 1, NULL, 1238, '2024-01-28 20:29:51'),
(3, 13, 27, 1, NULL, 15000000, '2024-01-28 20:29:51'),
(4, 1, 28, 1, NULL, 1238, '2024-01-28 20:30:51'),
(5, 1, 29, 1, NULL, 1238, '2024-01-28 20:31:22'),
(6, 13, 30, 1, NULL, 15000000, '2024-01-28 20:31:22'),
(7, 11, 31, 5, NULL, 25000000, '2024-01-28 20:31:42'),
(8, 10, 32, 8, NULL, 40000000, '2024-01-28 20:32:40'),
(9, 17, 33, 51, NULL, 255000000, '2024-01-28 20:33:23'),
(10, 10, 34, 15, NULL, 75000000, '2024-01-28 20:38:36'),
(11, 11, 35, 18, NULL, 90000000, '2024-01-28 20:39:27'),
(12, 12, 36, 26, NULL, 390000000, '2024-01-28 20:45:31'),
(13, 1, 37, 11, NULL, 13618, '2024-01-28 20:45:31'),
(14, 1, 38, 1, NULL, 1238, '2024-01-28 20:51:05'),
(15, 13, 39, 5, NULL, 75000000, '2024-01-28 20:51:05'),
(16, 11, 41, 2, NULL, 10000000, '2024-01-30 19:44:19'),
(17, 16, 44, 2, NULL, 10000000, '2024-02-01 00:54:06'),
(18, 12, 45, 1, NULL, 15000000, '2024-02-01 00:54:06'),
(19, 11, 46, 1, NULL, 5000000, '2024-02-01 00:58:41'),
(20, 17, 47, 1, NULL, 5000000, '2024-02-01 00:58:41'),
(21, 17, 48, 1, NULL, 5000000, '2024-02-01 01:11:33'),
(22, 20, 49, 1, NULL, 15000000, '2024-02-01 01:12:05'),
(23, 20, 51, 2, NULL, 30000000, '2024-02-01 01:13:02'),
(24, 20, 52, 2, NULL, 30000000, '2024-02-01 01:14:45'),
(25, 12, 53, 1, NULL, 15000000, '2024-02-01 01:21:00'),
(26, 20, 54, 1, NULL, 15000000, '2024-02-01 01:21:19'),
(27, 18, 55, 1, NULL, 5000000, '2024-02-01 01:32:29'),
(28, 17, 56, 5, 50, 250, '2024-02-05 19:28:18'),
(29, 18, 57, 4, 20, 80, '2024-02-05 19:28:18'),
(30, 18, 58, 1, 5, 20, '2024-02-05 19:47:31'),
(31, 17, 59, 2, 20, 100, '2024-02-05 19:47:31'),
(32, 13, 60, 1, 50, 250, '2024-02-05 19:59:29'),
(33, 17, 61, 1, 10, 50, '2024-02-05 19:59:29'),
(34, 19, 62, 1, 10, 120, '2024-02-05 20:00:43'),
(35, 18, 63, 1, 5, 20, '2024-02-05 20:00:43'),
(36, 18, 64, 1, 5, 20, '2024-02-05 20:02:16'),
(37, 17, 65, 1, 10, 50, '2024-02-05 20:02:16'),
(38, 3, 66, 4, 80, 800, '2024-02-22 18:54:29'),
(39, 17, 67, 3, 30, 150, '2024-02-22 18:59:14'),
(40, 3, 68, 2, 40, 400, '2024-02-22 19:03:04'),
(41, 3, 69, 2, 40, 400, '2024-02-22 19:14:08'),
(42, 10, 70, 3, 150, 1500, '2024-02-24 10:53:46'),
(43, 13, 71, 2, 100, 500, '2024-03-13 19:03:58'),
(44, 3, 72, 2, 40, 400, '2024-03-13 19:03:58'),
(45, 1, 73, 2, 200, 1000, '2024-03-14 05:55:28'),
(46, 3, 74, 2, 40, 400, '2024-03-14 05:55:28'),
(47, 13, 79, 2, 100, 500, '2024-03-14 05:58:53'),
(48, 12, 80, 2, 40, 400, '2024-03-14 05:58:53'),
(49, 1, 81, 2, 200, 1000, '2024-03-14 05:59:16'),
(50, 12, 82, 2, 40, 400, '2024-03-14 05:59:16'),
(51, 1, 83, 2, 200, 1000, '2024-03-14 06:03:40'),
(52, 12, 83, 2, 40, 400, '2024-03-14 06:03:40'),
(53, 12, 84, 2, 40, 400, '2024-03-14 06:05:50'),
(54, 13, 84, 2, 100, 500, '2024-03-14 06:05:50'),
(55, 1, 85, 5, 500, 2500, '2024-03-16 21:04:22'),
(56, 13, 85, 2, 100, 500, '2024-03-16 21:04:22'),
(57, 1, 86, 1, 100, 500, '2024-03-22 16:45:34'),
(58, 3, 86, 3, 60, 600, '2024-03-22 16:45:34'),
(59, 3, 87, 3, 60, 600, '2024-03-30 10:53:03'),
(60, 13, 87, 2, 100, 500, '2024-03-30 10:53:03'),
(61, 1, 88, 2, 200, 1000, '2024-04-18 10:20:45');

-- --------------------------------------------------------

--
-- Table structure for table `product`
--

CREATE TABLE `product` (
  `id_product` int(12) NOT NULL,
  `id_productCategory` int(12) DEFAULT NULL,
  `nameProduct` varchar(200) NOT NULL,
  `descProduct` text DEFAULT NULL,
  `stockProduct` int(12) DEFAULT NULL,
  `priceProduct` bigint(20) NOT NULL,
  `startPrice` double DEFAULT NULL,
  `imgProduct` varchar(200) DEFAULT NULL,
  `statusProduct` enum('active','nonactive') NOT NULL,
  `dateInputProduct` datetime NOT NULL DEFAULT current_timestamp(),
  `dateUpdateProduct` datetime DEFAULT NULL
) ENGINE=InnoDB DEFAULT CHARSET=utf8mb4;

--
-- Dumping data for table `product`
--

INSERT INTO `product` (`id_product`, `id_productCategory`, `nameProduct`, `descProduct`, `stockProduct`, `priceProduct`, `startPrice`, `imgProduct`, `statusProduct`, `dateInputProduct`, `dateUpdateProduct`) VALUES
(1, 5, 'Risol', 'jdsklajdaskld', 6, 500, 100, '', 'active', '2023-12-21 19:40:21', NULL),
(3, 6, 'dasdasd', 'safgadsad', 213, 200, 20, '', 'active', '2023-12-21 19:40:58', NULL),
(10, 1, 'dsakdhasjh', 'dsadsad', 2, 500, 50, '', 'active', '2023-12-21 21:01:02', NULL),
(11, 1, 'dsakdhasjh', 'dsadsad', 20, 200, 20, '', 'active', '2023-12-21 21:01:11', NULL),
(12, 3, 'dsadas', 'dsad', 173, 200, 20, '', 'active', '2023-12-21 21:01:44', NULL),
(13, 3, 'dsadas', 'dsad', 185, 250, 50, '', 'active', '2023-12-21 21:02:42', NULL),
(14, 3, 'dsadas', 'dsad', 213, 100, 10, '', 'active', '2023-12-21 21:02:49', NULL),
(15, 3, 'dsadas', 'dsad', 213, 50, 5, '', 'active', '2023-12-21 21:03:26', NULL),
(16, NULL, 'dsadas', 'dsadsadas', 217, 150, 10, '', 'active', '2023-12-21 21:03:41', NULL),
(17, 3, 'dsadas', 'dsadsadas', 158, 50, 10, '', 'active', '2023-12-21 21:08:28', NULL),
(18, 3, 'dsadas', 'dsadsadas', 215, 20, 5, '', 'active', '2023-12-21 21:08:38', NULL),
(19, 2, 'heleh', 'dsoakijdaskldj', 20, 120, 10, '', 'active', '2023-12-21 22:08:04', NULL),
(20, NULL, '312421', 'dsadsa', 100, 75, 20, '', 'active', '2023-12-21 22:10:11', NULL);

-- --------------------------------------------------------

--
-- Table structure for table `productcategory`
--

CREATE TABLE `productcategory` (
  `id_productCategory` int(12) NOT NULL,
  `productCategory` varchar(100) NOT NULL,
  `statusCategory` enum('active','nonactive') NOT NULL,
  `dateInputCategory` datetime NOT NULL DEFAULT current_timestamp(),
  `dateUpdateCategory` datetime DEFAULT NULL
) ENGINE=InnoDB DEFAULT CHARSET=utf8mb4;

--
-- Dumping data for table `productcategory`
--

INSERT INTO `productcategory` (`id_productCategory`, `productCategory`, `statusCategory`, `dateInputCategory`, `dateUpdateCategory`) VALUES
(1, 'dsadasd', 'nonactive', '2023-12-20 20:31:45', NULL),
(2, 'dring', 'active', '2023-12-20 20:34:56', NULL),
(3, 'dring', 'active', '2023-12-20 20:35:20', NULL),
(4, 'dring', 'active', '2023-12-20 20:35:29', NULL),
(5, 'snack', 'active', '2023-12-20 20:36:13', NULL),
(6, 'snack', 'active', '2023-12-20 20:37:16', NULL);

-- --------------------------------------------------------

--
-- Table structure for table `schedule`
--

CREATE TABLE `schedule` (
  `id_schedule` int(12) NOT NULL,
  `id_dateSchedule` int(12) DEFAULT NULL,
  `id_user` int(12) DEFAULT NULL,
  `shiftMorning` enum('true','false') DEFAULT 'false',
  `shiftAfternoon` enum('true','false') DEFAULT 'false',
  `shiftNight` enum('true','false') DEFAULT 'false',
  `scheduleDateInput` datetime NOT NULL DEFAULT current_timestamp(),
  `scheduleDateUpdate` datetime DEFAULT NULL
) ENGINE=InnoDB DEFAULT CHARSET=utf8mb4;

--
-- Dumping data for table `schedule`
--

INSERT INTO `schedule` (`id_schedule`, `id_dateSchedule`, `id_user`, `shiftMorning`, `shiftAfternoon`, `shiftNight`, `scheduleDateInput`, `scheduleDateUpdate`) VALUES
(284, 368, 2, 'true', 'true', 'true', '2024-01-09 19:25:58', NULL),
(285, 369, 2, 'true', 'false', 'true', '2024-01-09 19:25:58', NULL),
(286, 370, 2, 'true', 'false', 'true', '2024-01-09 19:25:58', NULL),
(287, 371, 2, 'true', 'false', 'true', '2024-01-09 19:25:58', NULL),
(288, 372, 2, 'true', 'false', 'true', '2024-01-09 19:25:58', NULL),
(289, 373, 2, 'true', 'false', 'true', '2024-01-09 19:25:58', NULL),
(290, 374, 2, 'true', 'false', 'true', '2024-01-09 19:25:58', NULL),
(291, 375, 2, 'true', 'false', 'true', '2024-01-09 19:25:58', NULL),
(292, 376, 2, 'true', 'false', 'true', '2024-01-09 19:25:58', NULL),
(293, 377, 2, 'true', 'false', 'true', '2024-01-09 19:25:58', NULL),
(294, 378, 2, 'true', 'false', 'true', '2024-01-09 19:25:58', NULL),
(295, 379, 2, 'true', 'false', 'true', '2024-01-09 19:25:58', NULL),
(296, 380, 2, 'true', 'false', 'true', '2024-01-09 19:25:58', NULL),
(297, 381, 2, 'true', 'false', 'true', '2024-01-09 19:25:58', NULL),
(298, 382, 2, 'true', 'false', 'true', '2024-01-09 19:25:58', NULL),
(299, 383, 2, 'true', 'false', 'true', '2024-01-09 19:25:58', NULL),
(300, 384, 2, 'true', 'false', 'true', '2024-01-09 19:25:58', NULL),
(301, 385, 2, 'true', 'false', 'true', '2024-01-09 19:25:58', NULL),
(302, 386, 2, 'true', 'false', 'true', '2024-01-09 19:25:58', NULL),
(303, 387, 2, 'true', 'false', 'true', '2024-01-09 19:25:58', NULL),
(304, 388, 2, 'true', 'false', 'true', '2024-01-09 19:25:58', NULL),
(305, 389, 2, 'true', 'false', 'true', '2024-01-09 19:25:58', NULL),
(306, 390, 2, 'true', 'false', 'true', '2024-01-09 19:25:58', NULL),
(307, 391, 2, 'true', 'false', 'true', '2024-01-09 19:25:58', NULL),
(308, 392, 2, 'true', 'false', 'true', '2024-01-09 19:25:58', NULL),
(309, 393, 2, 'true', 'false', 'true', '2024-01-09 19:25:58', NULL),
(310, 394, 2, 'true', 'false', 'true', '2024-01-09 19:25:58', NULL),
(311, 395, 2, 'true', 'false', 'true', '2024-01-09 19:25:58', NULL),
(312, 396, 2, 'true', 'false', 'true', '2024-01-09 19:25:58', NULL),
(313, 397, 2, 'true', 'false', 'true', '2024-01-09 19:25:58', NULL),
(314, 398, 2, 'true', 'false', 'true', '2024-01-09 19:25:58', NULL),
(315, 399, 2, 'true', 'false', 'true', '2024-01-09 19:25:58', NULL),
(316, 400, 2, 'true', 'false', 'true', '2024-01-09 19:25:58', NULL),
(317, 401, 2, 'true', 'false', 'true', '2024-01-09 19:25:58', NULL),
(318, 402, 2, 'true', 'false', 'true', '2024-01-09 19:25:58', NULL),
(319, 403, 2, 'true', 'false', 'true', '2024-01-09 19:25:58', NULL),
(320, 404, 2, 'true', 'false', 'true', '2024-01-09 19:25:58', NULL),
(321, 405, 2, 'true', 'false', 'true', '2024-01-09 19:25:58', NULL),
(322, 406, 2, 'true', 'false', 'true', '2024-01-09 19:25:58', NULL),
(323, 407, 2, 'true', 'false', 'true', '2024-01-09 19:25:58', NULL),
(324, 408, 2, 'true', 'false', 'true', '2024-01-09 19:25:58', NULL),
(325, 409, 2, 'true', 'false', 'true', '2024-01-09 19:25:58', NULL),
(326, 410, 2, 'true', 'false', 'true', '2024-01-09 19:25:58', NULL),
(327, 411, 2, 'true', 'false', 'true', '2024-01-09 19:25:58', NULL),
(328, 412, 2, 'true', 'false', 'true', '2024-01-09 19:25:58', NULL),
(329, 413, 2, 'true', 'false', 'true', '2024-01-09 19:25:58', NULL),
(330, 414, 2, 'true', 'false', 'true', '2024-01-09 19:25:58', NULL),
(331, 415, 2, 'true', 'false', 'true', '2024-01-09 19:25:58', NULL),
(332, 416, 2, 'true', 'false', 'true', '2024-01-09 19:25:58', NULL),
(333, 417, 2, 'true', 'false', 'true', '2024-01-09 19:25:58', NULL),
(334, 418, 2, 'true', 'false', 'true', '2024-01-09 19:25:58', NULL),
(335, 419, 2, 'true', 'false', 'true', '2024-01-09 19:25:58', NULL),
(336, 420, 2, 'true', 'false', 'true', '2024-01-09 19:25:58', NULL),
(337, 421, 2, 'true', 'false', 'true', '2024-01-09 19:25:58', NULL),
(338, 422, 2, 'true', 'false', 'true', '2024-01-09 19:25:58', NULL),
(339, 423, 2, 'true', 'false', 'true', '2024-01-09 19:25:58', NULL),
(340, 424, 2, 'true', 'false', 'true', '2024-01-09 19:25:58', NULL),
(341, 425, 2, 'true', 'false', 'true', '2024-01-09 19:25:58', NULL),
(342, 426, 2, 'true', 'false', 'true', '2024-01-09 19:25:58', NULL),
(343, 427, 2, 'true', 'false', 'true', '2024-01-09 19:25:58', NULL),
(344, 428, 2, 'true', 'false', 'true', '2024-01-09 19:25:58', NULL),
(345, 429, 2, 'true', 'false', 'true', '2024-01-09 19:25:58', NULL),
(346, 430, 2, 'true', 'false', 'true', '2024-01-09 19:25:58', NULL),
(347, 431, 2, 'true', 'false', 'true', '2024-01-09 19:25:58', NULL),
(348, 432, 2, 'true', 'false', 'true', '2024-01-09 19:25:58', NULL),
(349, 433, 2, 'true', 'false', 'true', '2024-01-09 19:25:58', NULL),
(350, 434, 2, 'true', 'false', 'true', '2024-01-09 19:25:58', NULL),
(351, 435, 2, 'true', 'false', 'true', '2024-01-09 19:25:58', NULL),
(352, 436, 2, 'true', 'false', 'true', '2024-01-09 19:25:58', NULL),
(353, 437, 2, 'true', 'false', 'true', '2024-01-09 19:25:58', NULL),
(354, 438, 2, 'true', 'false', 'true', '2024-01-09 19:25:58', NULL),
(355, 439, 2, 'true', 'false', 'true', '2024-01-09 19:25:58', NULL),
(356, 440, 2, 'true', 'false', 'true', '2024-01-09 19:25:58', NULL),
(357, 441, 2, 'true', 'false', 'true', '2024-01-09 19:25:58', NULL),
(358, 442, 2, 'true', 'false', 'true', '2024-01-09 19:25:58', NULL),
(359, 443, 2, 'true', 'false', 'true', '2024-01-09 19:25:58', NULL),
(360, 444, 2, 'true', 'false', 'true', '2024-01-09 19:25:58', NULL),
(361, 445, 2, 'true', 'false', 'true', '2024-01-09 19:25:58', NULL),
(362, 446, 2, 'true', 'false', 'true', '2024-01-09 19:25:58', NULL),
(363, 447, 2, 'true', 'false', 'true', '2024-01-09 19:25:58', NULL),
(364, 448, 2, 'true', 'false', 'true', '2024-01-09 19:25:58', NULL),
(365, 449, 2, 'true', 'false', 'true', '2024-01-09 19:25:58', NULL),
(366, 450, 2, 'true', 'false', 'true', '2024-01-09 19:25:58', NULL),
(367, 451, 2, 'true', 'false', 'true', '2024-01-09 19:25:58', NULL),
(368, 452, 2, 'true', 'false', 'true', '2024-01-09 19:25:58', NULL),
(369, 453, 2, 'true', 'false', 'true', '2024-01-09 19:25:58', NULL),
(370, 454, 2, 'true', 'false', 'true', '2024-01-09 19:25:58', NULL),
(371, 455, 2, 'true', 'false', 'true', '2024-01-09 19:25:58', NULL),
(372, 456, 2, 'true', 'false', 'true', '2024-01-09 19:25:58', NULL),
(373, 457, 2, 'true', 'false', 'true', '2024-01-09 19:25:58', NULL),
(374, 458, 2, 'true', 'false', 'true', '2024-01-09 19:25:58', NULL),
(375, 459, 2, 'true', 'false', 'true', '2024-01-09 19:25:58', NULL),
(376, 460, 2, 'true', 'false', 'true', '2024-01-09 19:25:58', NULL),
(377, 461, 2, 'true', 'false', 'true', '2024-01-09 19:25:58', NULL),
(378, 462, 2, 'true', 'false', 'true', '2024-01-09 19:25:58', NULL),
(379, 463, 2, 'true', 'false', 'true', '2024-01-09 19:25:58', NULL),
(380, 464, 2, 'true', 'false', 'true', '2024-01-09 19:25:58', NULL),
(381, 465, 2, 'true', 'false', 'true', '2024-01-09 19:25:58', NULL),
(382, 466, 2, 'true', 'false', 'true', '2024-01-09 19:25:58', NULL),
(383, 467, 2, 'true', 'false', 'true', '2024-01-09 19:25:58', NULL),
(384, 468, 2, 'true', 'false', 'true', '2024-01-09 19:25:58', NULL),
(385, 469, 2, 'true', 'false', 'true', '2024-01-09 19:25:58', NULL),
(386, 470, 2, 'true', 'false', 'true', '2024-01-09 19:25:58', NULL),
(387, 471, 2, 'true', 'false', 'true', '2024-01-09 19:25:58', NULL),
(388, 472, 2, 'true', 'false', 'true', '2024-01-09 19:25:58', NULL),
(389, 473, 2, 'true', 'false', 'true', '2024-01-09 19:25:58', NULL),
(390, 474, 2, 'true', 'false', 'true', '2024-01-09 19:25:58', NULL),
(391, 475, 2, 'true', 'false', 'true', '2024-01-09 19:25:58', NULL),
(392, 476, 2, 'true', 'false', 'true', '2024-01-09 19:25:58', NULL),
(393, 477, 2, 'true', 'false', 'true', '2024-01-09 19:25:58', NULL),
(394, 478, 2, 'true', 'false', 'true', '2024-01-09 19:25:58', NULL),
(395, 479, 2, 'true', 'false', 'true', '2024-01-09 19:25:58', NULL),
(396, 480, 2, 'true', 'false', 'true', '2024-01-09 19:25:58', NULL),
(397, 481, 2, 'true', 'false', 'true', '2024-01-09 19:25:58', NULL),
(398, 482, 2, 'true', 'false', 'true', '2024-01-09 19:25:58', NULL),
(399, 483, 2, 'true', 'false', 'true', '2024-01-09 19:25:58', NULL),
(400, 484, 2, 'true', 'false', 'true', '2024-01-09 19:25:58', NULL),
(401, 485, 2, 'true', 'false', 'true', '2024-01-09 19:25:58', NULL),
(402, 486, 2, 'true', 'false', 'true', '2024-01-09 19:25:58', NULL),
(403, 487, 2, 'true', 'false', 'true', '2024-01-09 19:25:58', NULL),
(404, 488, 2, 'true', 'false', 'true', '2024-01-09 19:25:58', NULL),
(405, 489, 2, 'true', 'false', 'true', '2024-01-09 19:25:58', NULL),
(406, 490, 2, 'true', 'false', 'true', '2024-01-09 19:25:58', NULL),
(407, 491, 2, 'true', 'false', 'true', '2024-01-09 19:25:58', NULL),
(408, 492, 2, 'true', 'false', 'true', '2024-01-09 19:25:58', NULL),
(409, 493, 2, 'true', 'false', 'true', '2024-01-09 19:25:58', NULL),
(410, 494, 2, 'true', 'false', 'true', '2024-01-09 19:25:58', NULL),
(411, 495, 2, 'true', 'false', 'true', '2024-01-09 19:25:58', NULL),
(412, 496, 2, 'true', 'false', 'true', '2024-01-09 19:25:58', NULL),
(413, 497, 2, 'true', 'false', 'true', '2024-01-09 19:25:58', NULL),
(414, 498, 2, 'true', 'false', 'true', '2024-01-09 19:25:58', NULL),
(415, 499, 2, 'true', 'false', 'true', '2024-01-09 19:25:58', NULL),
(416, 500, 2, 'true', 'false', 'true', '2024-01-09 19:25:58', NULL),
(417, 501, 2, 'true', 'false', 'true', '2024-01-09 19:25:58', NULL),
(418, 502, 2, 'true', 'false', 'true', '2024-01-09 19:25:58', NULL),
(419, 503, 2, 'true', 'false', 'true', '2024-01-09 19:25:58', NULL),
(420, 504, 2, 'true', 'false', 'true', '2024-01-09 19:25:58', NULL),
(421, 505, 2, 'true', 'false', 'true', '2024-01-09 19:25:58', NULL),
(422, 506, 2, 'true', 'false', 'true', '2024-01-09 19:25:58', NULL),
(423, 507, 2, 'true', 'false', 'true', '2024-01-09 19:25:58', NULL),
(424, 508, 2, 'true', 'false', 'true', '2024-01-09 19:25:58', NULL),
(425, 509, 2, 'true', 'false', 'true', '2024-01-09 19:25:58', NULL),
(426, 510, 2, 'true', 'false', 'true', '2024-01-09 19:25:58', NULL),
(427, 511, 2, 'true', 'false', 'true', '2024-01-09 19:25:58', NULL),
(428, 512, 2, 'true', 'false', 'true', '2024-01-09 19:25:58', NULL),
(429, 513, 2, 'true', 'false', 'true', '2024-01-09 19:25:58', NULL),
(430, 514, 2, 'true', 'false', 'true', '2024-01-09 19:25:58', NULL),
(431, 515, 2, 'true', 'false', 'true', '2024-01-09 19:25:58', NULL),
(432, 516, 2, 'true', 'false', 'true', '2024-01-09 19:25:58', NULL),
(433, 517, 2, 'true', 'false', 'true', '2024-01-09 19:25:58', NULL),
(434, 518, 2, 'true', 'false', 'true', '2024-01-09 19:25:58', NULL),
(435, 519, 2, 'true', 'true', 'true', '2024-01-09 19:25:58', NULL);

-- --------------------------------------------------------

--
-- Table structure for table `user`
--

CREATE TABLE `user` (
  `id_user` int(12) NOT NULL,
  `UID` varchar(20) DEFAULT '',
  `statusUser` enum('active','nonactive') NOT NULL DEFAULT 'active',
  `usernameUser` varchar(50) NOT NULL,
  `passwordUser` varchar(200) NOT NULL,
  `nameUser` varchar(100) DEFAULT NULL,
  `phoneUser` varchar(20) DEFAULT NULL,
  `emailUser` varchar(200) NOT NULL,
  `addressUser` text DEFAULT NULL,
  `photoUser` varchar(200) DEFAULT NULL,
  `levelUser` enum('admin','kasir','costumer') NOT NULL DEFAULT 'costumer',
  `themeUser` enum('light','dark') NOT NULL DEFAULT 'light',
  `dateInputUser` datetime NOT NULL DEFAULT current_timestamp(),
  `dateUpdateuser` datetime DEFAULT NULL
) ENGINE=InnoDB DEFAULT CHARSET=utf8mb4;

--
-- Dumping data for table `user`
--

INSERT INTO `user` (`id_user`, `UID`, `statusUser`, `usernameUser`, `passwordUser`, `nameUser`, `phoneUser`, `emailUser`, `addressUser`, `photoUser`, `levelUser`, `themeUser`, `dateInputUser`, `dateUpdateuser`) VALUES
(1, 'admin', 'active', 'admin', 'd0970714757783e6cf17b26fb8e2298f', 'UDENPETOT', '1704367527.png', 'admin@gmail.com', NULL, '1704367527.png', 'admin', 'light', '2023-12-10 03:43:49', '2023-12-09 21:43:07'),
(2, '', 'active', 'test', 'd0970714757783e6cf17b26fb8e2298f', 'test namaa2', '03291083212', 'test@gmail.com', 'dsadasd', '1704367527.png', 'kasir', 'light', '2024-01-01 16:53:19', '2024-01-04 11:25:27'),
(3, '', 'active', 'test 2', 'd0970714757783e6cf17b26fb8e2298f', 'test namaa2', '03291083212', 'test@gmail.com', 'dsadasd', '1704367527.png', 'kasir', 'light', '2024-01-01 16:53:19', '2024-01-04 11:25:27');

--
-- Indexes for dumped tables
--

--
-- Indexes for table `cart`
--
ALTER TABLE `cart`
  ADD PRIMARY KEY (`id_cart`),
  ADD KEY `id_users` (`id_user`);

--
-- Indexes for table `dateschedule`
--
ALTER TABLE `dateschedule`
  ADD PRIMARY KEY (`id_dateSchedule`);

--
-- Indexes for table `order`
--
ALTER TABLE `order`
  ADD PRIMARY KEY (`id_order`),
  ADD KEY `id_users` (`id_user`);

--
-- Indexes for table `ordercategory`
--
ALTER TABLE `ordercategory`
  ADD PRIMARY KEY (`id_orderCategory`);

--
-- Indexes for table `orderdetail`
--
ALTER TABLE `orderdetail`
  ADD PRIMARY KEY (`id_orderDetail`);

--
-- Indexes for table `product`
--
ALTER TABLE `product`
  ADD PRIMARY KEY (`id_product`);

--
-- Indexes for table `productcategory`
--
ALTER TABLE `productcategory`
  ADD PRIMARY KEY (`id_productCategory`);

--
-- Indexes for table `schedule`
--
ALTER TABLE `schedule`
  ADD PRIMARY KEY (`id_schedule`);

--
-- Indexes for table `user`
--
ALTER TABLE `user`
  ADD PRIMARY KEY (`id_user`);

--
-- AUTO_INCREMENT for dumped tables
--

--
-- AUTO_INCREMENT for table `cart`
--
ALTER TABLE `cart`
  MODIFY `id_cart` int(11) NOT NULL AUTO_INCREMENT, AUTO_INCREMENT=82;

--
-- AUTO_INCREMENT for table `dateschedule`
--
ALTER TABLE `dateschedule`
  MODIFY `id_dateSchedule` int(12) NOT NULL AUTO_INCREMENT, AUTO_INCREMENT=734;

--
-- AUTO_INCREMENT for table `order`
--
ALTER TABLE `order`
  MODIFY `id_order` int(11) NOT NULL AUTO_INCREMENT, AUTO_INCREMENT=89;

--
-- AUTO_INCREMENT for table `ordercategory`
--
ALTER TABLE `ordercategory`
  MODIFY `id_orderCategory` int(12) NOT NULL AUTO_INCREMENT, AUTO_INCREMENT=7;

--
-- AUTO_INCREMENT for table `orderdetail`
--
ALTER TABLE `orderdetail`
  MODIFY `id_orderDetail` int(12) NOT NULL AUTO_INCREMENT, AUTO_INCREMENT=62;

--
-- AUTO_INCREMENT for table `product`
--
ALTER TABLE `product`
  MODIFY `id_product` int(12) NOT NULL AUTO_INCREMENT, AUTO_INCREMENT=21;

--
-- AUTO_INCREMENT for table `productcategory`
--
ALTER TABLE `productcategory`
  MODIFY `id_productCategory` int(12) NOT NULL AUTO_INCREMENT, AUTO_INCREMENT=7;

--
-- AUTO_INCREMENT for table `schedule`
--
ALTER TABLE `schedule`
  MODIFY `id_schedule` int(12) NOT NULL AUTO_INCREMENT, AUTO_INCREMENT=436;

--
-- AUTO_INCREMENT for table `user`
--
ALTER TABLE `user`
  MODIFY `id_user` int(12) NOT NULL AUTO_INCREMENT, AUTO_INCREMENT=4;

--
-- Constraints for dumped tables
--

--
-- Constraints for table `order`
--
ALTER TABLE `order`
  ADD CONSTRAINT `order_ibfk_2` FOREIGN KEY (`id_user`) REFERENCES `user` (`id_user`);
COMMIT;

/*!40101 SET CHARACTER_SET_CLIENT=@OLD_CHARACTER_SET_CLIENT */;
/*!40101 SET CHARACTER_SET_RESULTS=@OLD_CHARACTER_SET_RESULTS */;
/*!40101 SET COLLATION_CONNECTION=@OLD_COLLATION_CONNECTION */;
